track_id,key
411,G Minor
535,A# Minor
181,B Major
251,A Major
173,G# Minor
533,C Minor
184,A# Major
213,F# Minor
331,A Minor
10,F# Major
384,G# Major
532,C# Major
153,G# Minor
534,D# Major
347,A Minor
141,A# Major
542,B Minor
546,G# Major
567,B Minor
570,A Minor
565,E Major
538,G# Minor
536,G# Minor
540,F Minor
564,C Minor
547,G# Major
571,F# Major
549,G# Minor
572,E Major
566,C Major
573,G Minor
569,F# Minor
580,A Minor
608,A Major
574,G# Minor
579,E Major
625,C Major
634,E Minor
611,G Major
612,F# Minor
670,C# Minor
610,D Minor
679,C# Minor
692,G Major
706,F Minor
678,C# Minor
705,F# Minor
671,C# Minor
1007,D Major
805,A Minor
708,G Major
814,C# Minor
1014,C Minor
1016,C# Minor
1042,G Major
1015,F Minor
1017,F Major
1045,G Minor
1044,A Minor
1046,G# Major
1050,E Minor
1076,B Minor
1083,C Minor
1049,C Major
1073,D Major
1085,G Major
1086,E Minor
1091,D Major
1088,B Minor
1116,B Major
1160,C# Minor
1156,A Major
1133,G Minor
1157,E Minor
1159,G Major
1173,F Minor
1168,E Minor
1170,C Major
1167,C Minor
1165,C Minor
1162,E Major
1161,E Minor
1172,A Minor
1171,C Major
1177,C# Minor
1163,E Minor
1181,D Major
1174,F# Major
1179,D Major
1175,A Major
1182,E Major
1186,D Minor
1183,E Major
1190,E Minor
1187,A Minor
1189,F# Minor
1194,A Minor
1198,D Minor
1191,F Major
1193,G# Minor
1192,C Minor
1199,C# Major
1232,F# Minor
1381,A Minor
1417,B Major
1219,C Major
1354,B Major
1275,A# Major
1235,F# Major
1231,G# Minor
1277,D# Major
1418,A Major
1451,A Major
1420,E Minor
1419,D Major
1450,A# Major
1474,B Minor
1475,D# Major
1476,G Minor
1499,C Major
1526,A# Minor
1529,C# Minor
1536,E Minor
1540,E Minor
1535,G Major
1542,E Minor
1546,E Major
1534,E Minor
1531,D# Minor
1530,D Major
1592,D Minor
1541,C# Minor
1590,D Major
1593,C# Minor
1595,B Minor
1596,B Minor
1599,E Major
1601,C# Minor
1603,D# Minor
1611,E Minor
1618,C Major
1605,C Major
1615,A Minor
1604,B Major
1612,E Major
1610,E Minor
1617,A Major
1614,D Major
1616,D Minor
1708,B Minor
1643,D# Minor
1619,A Major
1844,G Major
1727,D Major
1841,G# Major
1886,B Major
1887,C Major
1898,C Minor
1892,E Minor
1896,C# Major
1893,G Major
1894,C Major
1901,C Major
1913,A Major
1914,C Major
1900,D Major
1899,A Minor
1895,A Minor
1923,G Major
1940,G# Minor
1920,G Major
1942,D# Minor
1941,E Minor
2070,F Major
1944,E Minor
2099,C# Major
3545,G Major
3429,D Major
3619,E Major
3612,A Minor
2127,G Major
3700,C# Minor
3542,C Major
3465,E Minor
2126,D Major
3694,E Minor
3581,E Minor
3863,A Major
3741,D Major
3702,E Minor
3853,A Major
3941,E Major
4206,C Major
4401,E Major
4195,E Minor
4402,F# Major
4345,C Major
4224,A Minor
3956,B Minor
4203,E Minor
4403,B Major
4211,G Major
4400,A Major
4350,D Major
4686,F# Major
4198,A# Minor
4684,A# Minor
4717,C Major
4776,A Major
4798,D Minor
4886,E Minor
4929,C# Major
4928,G Major
4971,D Major
4858,D Minor
4856,G# Minor
4926,A# Minor
4989,G Minor
4994,G Major
5007,C# Minor
5012,G Major
5023,B Minor
5021,A Major
5050,A# Major
5049,F# Minor
5045,A# Major
5051,G# Major
5052,C Major
5059,G Major
5058,G# Major
5056,G Major
5055,F Major
5054,F Major
5060,D Major
5095,C Major
5078,A Major
5153,A Major
5064,D Minor
5061,B Major
5178,E Major
5179,A Major
5181,E Major
5192,E Major
5195,G Major
5376,E Minor
5601,G Major
5562,A Major
5240,D# Major
5566,A Major
6460,B Major
7012,G Major
6670,E Minor
6603,D Minor
6607,G# Minor
6669,C Minor
5619,G Major
7011,E Major
5990,C Major
7179,A Minor
7015,C Major
7014,G Major
7202,G Major
7390,E Major
7391,D Major
7456,E Major
7477,A Major
7481,D# Minor
7484,C Minor
7492,C Major
7482,C# Minor
7489,D# Minor
7490,F Minor
7487,A# Major
7488,F Minor
7528,A Minor
7529,G Major
7713,A# Major
7827,F Minor
7893,C Major
7898,C Major
7896,C# Minor
7901,A Major
8910,D# Major
7934,G Minor
7995,E Major
8017,E Major
8283,E Minor
8915,D# Major
8914,E Major
8913,D# Minor
9488,E Major
9485,C Major
9489,D Minor
9491,C Minor
9486,A Major
9494,F# Major
9587,F# Minor
9510,G Minor
9487,C Major
9581,A# Major
9663,D# Major
9583,D Major
9664,A# Major
9662,G# Major
9655,G Major
9659,C Major
9695,F Minor
9866,B Minor
9904,F Minor
9906,F Major
9907,D# Minor
9666,G Major
9905,F Major
9913,A# Major
9867,A# Major
9699,C Minor
9665,C Major
9916,F Minor
9985,C Major
9987,B Minor
9988,E Major
9986,A# Minor
9989,D Major
10002,F Minor
10060,E Minor
10408,E Minor
10001,B Minor
10000,F Minor
10194,D Minor
10109,G# Major
10383,F# Minor
10003,G Minor
10382,C# Major
9990,E Minor
9999,B Minor
10381,E Major
10388,C Major
10190,A Major
10412,E Major
10415,C# Minor
10439,A Major
10438,A Major
10447,G Major
10443,G Minor
10575,E Major
10433,C Major
11019,G# Minor
10604,G Major
10441,G Minor
10992,E Minor
10440,G Minor
10941,A Minor
10442,A# Minor
11135,F Minor
10518,E Major
11154,F Minor
11205,D Minor
11156,F Minor
11438,B Minor
11304,D Major
11305,E Major
11309,D Minor
11434,A Major
11306,D Major
11307,E Minor
11308,E Major
11310,A Major
11436,E Major
11940,E Minor
11657,C Minor
11477,B Minor
11472,D Minor
11623,E Minor
11938,A Minor
11444,G Minor
11954,A# Major
11956,G Major
11999,A Major
11960,D# Major
12014,C# Minor
12013,B Minor
12003,D Major
12000,F# Major
12008,A Major
12131,E Major
12147,D Minor
12100,D Minor
12018,C Minor
12176,A Minor
12020,G Minor
12105,F Major
12191,B Minor
12290,G Minor
12021,G Major
12189,A# Minor
12389,E Major
12390,D Major
12494,D Minor
12492,D Minor
12491,A# Major
12504,C Major
12501,C Major
12502,G# Minor
12497,D Minor
12496,G# Major
12500,D Minor
12507,A Major
12592,C Major
12590,C Major
12503,C# Major
12556,G# Major
12676,D Major
12650,B Minor
12851,G# Minor
12672,D Major
12855,F# Major
12947,G Minor
12951,G# Major
12945,A Major
12946,C Minor
12953,A# Major
12901,F# Minor
13088,E Minor
13247,A Minor
13079,C# Major
13090,G# Major
13200,D Minor
13217,C# Major
13177,D# Minor
13324,G# Major
13249,A Minor
13328,F Minor
13591,A Major
13362,E Major
13459,D Major
13380,G Minor
13474,D Minor
13569,E Minor
13597,E Minor
13709,C Minor
13927,E Minor
13938,C Major
13914,B Major
13912,G Major
13776,G# Major
13939,G Major
13765,G Major
14006,A Major
14012,A Major
14010,F Major
13976,A Major
14007,D Major
13967,E Major
13980,E Major
13998,A Major
14014,E Major
14032,B Major
14020,G Minor
14016,B Minor
14019,G Major
14033,C Major
14035,G Major
14039,A Minor
14132,A Major
14191,G Minor
14063,C Major
14131,G# Minor
14068,G# Minor
14152,C Minor
14064,F# Major
14130,C# Minor
14067,C# Minor
14240,E Minor
14229,G Minor
14245,E Minor
14263,C Major
14279,D Major
14244,A Major
14243,B Minor
14289,G Minor
14288,A Minor
14345,C# Minor
14347,A Minor
14282,D Major
14286,D Major
14281,D Minor
14364,F# Major
14284,G Minor
14283,D Major
14287,D Minor
14365,F# Minor
14372,F Major
14384,F# Minor
14375,G Minor
14386,B Minor
14479,E Minor
14635,D Minor
14653,D# Major
14651,F Major
14657,E Minor
14686,D# Major
14747,F Minor
14643,D# Major
14685,E Minor
14739,E Minor
14738,D Major
14737,G Major
14748,G Minor
14693,A Major
14684,E Major
14661,C Major
14882,D Major
14796,F# Minor
14886,A Minor
14887,B Minor
14896,E Major
14952,A Major
14922,D Minor
14907,C Major
14908,G Major
14934,B Major
14895,G Major
14897,E Major
14941,D Major
14942,A Major
14891,E Major
14935,B Major
14959,G Major
14953,G Major
14957,A Major
14954,E Major
14964,A Minor
14979,C Major
14967,D Major
14978,G Major
15142,G# Minor
15001,E Minor
15000,A Major
14968,E Major
15307,D Major
14969,G Major
15044,F Major
15124,E Major
15228,E Minor
14990,E Major
15438,A# Minor
14999,E Major
15441,F# Major
15479,G Major
15446,F# Major
16115,G Major
15958,C# Minor
15957,E Minor
16117,G# Minor
15763,D Minor
15893,A Minor
15953,B Minor
16062,D Major
15956,D Minor
15954,C# Minor
16118,A# Minor
16120,G Minor
16119,D# Minor
16123,F Minor
16122,G# Minor
16121,F Minor
16126,C Minor
16128,G Minor
16242,D Major
16127,E Minor
16124,E Minor
16157,F Minor
16241,G# Major
16354,D# Minor
16392,A Major
16652,G Major
16673,D Minor
16655,E Major
16650,F Minor
16657,A Minor
16651,C Major
16248,B Minor
16343,C Major
16697,C# Minor
16695,A# Major
16692,D Major
16690,G# Minor
16696,E Major
16699,E Major
16703,F# Major
16702,C# Major
17327,E Minor
17132,A Major
17328,F# Minor
16983,D Minor
17364,A Major
17133,G# Major
17439,D Minor
17355,A Major
17524,A Major
17571,B Major
17576,C Minor
17589,B Minor
17595,C# Minor
17603,D Major
17602,F# Major
17831,G Major
17601,D Major
17845,B Minor
17992,D# Minor
18307,C# Minor
18140,A Major
18142,A Minor
17839,B Minor
18101,E Major
18347,C Major
18141,E Major
18104,E Major
18113,F Major
18383,B Major
18384,A Major
18394,A Major
18586,C Minor
18584,D Minor
18603,F Major
18599,C# Minor
18715,A# Major
18636,C# Major
18683,B Major
18710,A Minor
18712,F Major
18642,D# Major
18691,D# Major
18616,D Major
18694,G# Major
18713,A# Major
18743,G Major
18742,B Major
18746,A Major
18744,C# Minor
18745,C Major
18747,G Major
18753,B Major
18823,E Major
18751,A Major
18803,G Minor
18888,E Minor
18887,A Minor
18891,E Minor
19070,A Minor
19207,D# Major
19252,G Minor
19250,G Minor
19246,F# Major
19253,B Minor
19254,B Minor
19255,F# Major
19256,D Minor
19257,A Major
19260,A Major
19264,D Minor
19322,D Major
19261,A Minor
19392,A# Major
19323,D Major
19297,D Major
19397,D Major
19637,D Minor
19670,A Major
19638,C Minor
19426,G Major
19443,F# Minor
19424,C# Minor
19658,G Minor
19539,E Minor
19649,B Major
19440,B Major
19668,G# Minor
19639,F Minor
19705,G Minor
19680,A Minor
19671,B Minor
19684,D# Major
19683,G Major
19707,G Minor
19741,A# Minor
19720,C# Major
19722,F# Minor
19742,A# Minor
19721,F Minor
19724,D Minor
20013,A Minor
20033,D Major
20053,C Major
19757,G Minor
19708,C# Major
19718,F# Major
19726,G# Major
20052,D Major
20044,F Major
20055,B Major
20124,G Major
20129,E Major
20123,D Major
20206,C Minor
20210,A Minor
20152,F# Major
20227,E Major
20229,G Major
20432,B Major
20565,D Major
20230,E Minor
20434,C Minor
20256,F# Minor
20263,F# Minor
20266,F# Minor
20265,G# Minor
20824,C# Minor
20690,C Minor
20761,A# Minor
21260,G Minor
21014,D Major
21011,A Major
20934,E Major
20826,F Major
21065,F Minor
21083,G Major
21202,E Minor
21220,A# Major
21084,A Major
21100,A# Major
21189,E Major
21085,E Major
21064,F Minor
21086,B Major
21298,B Minor
21379,G# Minor
21368,A Minor
21381,F Major
21823,C Major
21378,D Minor
21302,D# Major
21553,G Major
21557,F Major
21556,G# Minor
21828,A Major
21555,A Minor
22058,A# Major
21827,D Major
21559,C# Minor
21820,G Minor
21826,C Minor
21617,A Minor
21831,D Major
22061,A# Major
21834,F Minor
21961,G# Minor
21860,G Minor
21829,C Major
21859,C Minor
22059,A Major
22062,A Minor
22060,G# Major
22195,B Major
22097,C Minor
22295,F Minor
22285,E Minor
22311,D# Minor
22319,G Major
22284,G Major
22323,E Minor
22317,E Minor
22328,D Minor
22453,C# Minor
22322,G# Major
22318,F Major
22943,B Major
22562,E Minor
22556,D Major
22576,D Minor
22563,E Minor
23014,B Major
23011,F# Minor
22996,A Minor
22974,D Minor
22954,C Minor
22997,A# Minor
23025,G Major
23059,D Major
23096,F# Minor
23026,D Major
23060,E Major
23015,E Major
23107,E Minor
23108,E Minor
23172,A Minor
23173,E Major
23341,E Major
23181,A Minor
23340,D Major
23339,F# Major
23177,E Minor
23338,B Major
23370,A# Major
23342,E Minor
23856,C Minor
23851,B Minor
23371,D# Minor
23808,D# Minor
23797,C Minor
23800,C Major
23857,C Minor
23859,C Major
23861,F# Minor
24015,F# Major
23862,G Major
24014,A Major
24106,A Major
24017,C Major
24016,A Minor
23888,D# Minor
24228,A Major
24230,A Minor
24227,C Minor
24229,A Minor
24238,C Major
24240,D Major
24241,A Major
24254,C Major
24255,E Major
24262,E Minor
24256,E Major
24257,E Minor
24258,E Major
24271,F Major
24264,D# Minor
24270,G Major
24272,G Major
24736,C Major
24737,C# Minor
24274,A Minor
24866,E Major
24856,D Minor
24868,G# Major
24937,D Major
24877,G Major
24938,C Major
24939,F Major
24876,C Major
25086,E Major
24941,B Minor
25085,D Minor
24942,D Major
25062,G# Minor
25636,G# Major
25637,A Major
25795,A Minor
25087,G# Minor
25798,A# Major
25090,E Minor
25796,A Minor
25799,A Minor
25907,A Major
25906,A Major
25800,D# Minor
26024,G Minor
25909,A# Major
26169,C Major
26171,E Major
25908,A Major
26173,B Major
26179,G Minor
26178,C Major
26175,A Minor
26177,F Major
26242,B Minor
26174,G Major
26679,D Minor
26311,G Major
26176,C Major
26673,D Minor
26894,E Major
26901,E Major
26680,A Minor
26737,G Minor
26721,F# Major
27127,C Major
27177,D Minor
27230,A Minor
27179,A Minor
27235,A Major
27232,D Major
27224,C Major
27231,A Minor
27233,D Major
27183,D# Major
27222,A Minor
27223,A Minor
27549,G Major
27258,G Minor
27548,B Major
27550,E Minor
27844,G Major
27607,C# Major
27845,C Major
27846,F# Major
27862,A Minor
27853,F# Major
27865,D Major
28070,C Major
27864,G Major
27979,A# Minor
27861,A# Major
27859,G Major
28252,C Minor
28266,E Major
28365,F Major
28364,A Minor
28084,C Minor
28377,G Minor
28388,G Minor
28396,G# Minor
28400,G# Minor
28398,B Major
28430,A Major
28545,A Major
28429,E Major
28431,B Major
28427,E Major
28435,F# Minor
28428,F# Major
28548,G Major
28589,B Minor
28810,A Minor
28599,G Major
28647,G Major
28811,B Minor
28783,D Major
28777,G Major
28814,E Minor
28832,E Minor
28835,B Minor
29046,F Major
28833,G Major
29047,F Minor
28834,D Major
29265,G Major
29267,A Minor
29451,G Major
29448,D Major
29268,D# Major
29271,C Major
29449,C Major
29450,F# Minor
29447,D Major
29452,C Major
29458,D Minor
29455,A Major
29457,F# Minor
29453,E Minor
29456,B Major
29454,D Minor
29459,F# Minor
29461,G Major
29469,D Minor
29471,E Minor
29472,A Major
29467,C Minor
29470,A# Major
29473,D Major
29474,D Major
29526,C Major
29476,D Minor
29477,G# Major
29480,D Minor
29475,D# Minor
29478,D Minor
29479,D# Major
29528,A Minor
29527,E Major
29529,C Major
29530,C Minor
29532,G Major
29605,D# Minor
29609,A Minor
29625,A Minor
29586,D# Minor
29818,D# Major
29611,F# Minor
29626,B Minor
29610,E Major
29627,E Major
29584,D Major
29844,F# Minor
29819,E Major
29739,D Major
29851,D Major
29849,G Major
29846,D Major
30018,G Major
29943,C Minor
30015,D Minor
30026,D Minor
30028,D# Major
30042,B Major
30027,E Major
30040,F# Minor
30033,D Minor
30025,D Major
30039,C# Minor
30035,F# Major
30023,D Minor
30030,A Minor
30044,F Major
30045,E Major
30049,F# Minor
30047,C Major
30048,E Major
30050,E Minor
30051,E Major
30052,D# Major
30053,F Minor
30363,G Major
30055,C Major
30149,D# Major
30056,D Minor
30366,C Minor
30117,B Minor
30518,D# Minor
30058,G# Major
30370,C Minor
30369,C Major
30362,C Major
30148,D# Minor
30519,D# Major
30520,G# Minor
30521,G# Minor
30544,A Minor
30838,G# Minor
30840,B Major
30839,C# Minor
30978,A Minor
30981,G Minor
30977,D Minor
30847,F Major
30842,B Minor
30846,F# Major
30979,D Minor
30848,C Major
30983,G# Minor
30984,C# Minor
30980,A Minor
30982,D Major
30989,E Minor
30986,D Major
31012,G Major
31126,D Minor
31152,C Minor
31201,G# Minor
31160,F Minor
31208,G# Major
31206,E Major
31202,C# Major
31207,D Major
31223,D Major
31231,C Major
31227,C Major
31224,G Minor
31209,D Major
31218,D# Major
31220,E Minor
31222,B Major
31221,D Minor
31257,C Major
31346,C# Major
31357,G Minor
31345,B Minor
31359,B Minor
31363,D Major
31362,C# Minor
31358,B Major
31366,E Minor
31367,C Minor
31428,G# Minor
31427,D Major
31433,D Major
31436,E Minor
31365,F# Minor
31437,E Minor
31439,B Major
31426,A Minor
31435,E Minor
31438,B Major
31446,D Major
31458,C Minor
31440,E Major
31441,E Major
31569,A Minor
31573,A Major
31577,F# Minor
31578,A Major
31992,E Minor
31629,E Minor
31991,D Minor
31866,D Major
31994,D Minor
31636,A Major
31993,C Major
31871,G Minor
32001,G Major
31999,E Minor
32002,C Major
31995,E Minor
32000,E Major
32006,E Major
32005,G Minor
32008,C Minor
32007,G Minor
32012,C Minor
32575,A Minor
32365,B Major
32013,B Minor
32068,F Major
32399,E Major
32011,A Major
32177,G Minor
32699,C Minor
32613,F Minor
32581,D Major
32611,A# Major
32577,C# Minor
32698,D Major
32696,B Minor
32697,F# Minor
32703,E Minor
32702,D# Minor
32700,A Minor
32701,E Major
32705,G Major
32704,D# Major
32706,C# Minor
32803,D Minor
32759,E Major
32756,G Minor
32751,E Major
32771,C Major
32802,B Minor
32805,E Major
32749,C Major
32773,A Minor
32844,D Major
32831,A Minor
32869,D# Major
32806,C Major
32899,D Major
32898,A Minor
33124,G Major
32900,C Minor
33235,D Major
33234,G Minor
33276,G Major
33171,E Minor
33279,D Major
33277,A Major
33152,A Major
33199,G Major
33263,C Major
33264,C Major
33184,G# Major
33200,D# Minor
33303,A# Major
33301,A Major
33289,C Minor
33300,F Minor
33307,D Major
33591,F Major
33305,C Minor
33449,A Major
33454,B Minor
33629,E Minor
33525,A# Major
33615,B Major
33312,A# Minor
33850,G Minor
33325,A# Minor
33603,C# Major
33309,C# Major
33306,B Major
33310,C Major
33308,C Major
33994,E Major
33985,A Major
34082,A Minor
34083,C Major
34085,F Major
34449,B Major
34442,E Major
34334,D# Minor
34119,G Major
34456,B Minor
34500,F# Major
34976,G# Major
34503,C Major
34501,D Minor
35084,G# Major
35086,D# Major
35219,D Minor
34978,D Minor
35525,F# Minor
35342,F Major
35532,A Major
35534,A Minor
35544,G Major
35543,E Minor
35537,F Minor
35548,G Major
35547,E Minor
36051,E Minor
35754,A# Minor
36050,E Minor
35552,F# Minor
35553,B Minor
36052,G Minor
35750,F# Major
35773,G# Minor
35549,A Minor
36054,A# Minor
36053,B Minor
36121,D# Minor
36056,C Minor
36057,A# Minor
36126,E Major
36127,D Major
36125,E Minor
36384,B Minor
36385,E Minor
36131,D Major
36130,G Major
36393,A# Minor
36481,D Major
36389,E Minor
36388,A Minor
36128,B Minor
36483,C Major
36482,D Major
36484,G Major
36485,A Minor
36488,G Major
36486,A Minor
36487,G Minor
36573,G Major
36490,A Minor
36747,E Minor
36572,B Minor
36575,A# Major
36574,G Major
36738,A Minor
36577,A Major
36579,B Minor
36576,A# Major
36580,D Major
36737,E Minor
36749,G Major
36762,D# Minor
36757,G Major
36751,D Major
36764,C# Major
36763,F# Major
36768,A# Minor
36765,A Minor
36771,G# Minor
36772,F# Major
36774,F# Major
36777,G# Minor
36773,D# Minor
37107,E Minor
37110,B Minor
37085,G Minor
37106,B Major
37096,E Minor
37087,D# Major
37088,A Minor
37368,D# Major
37138,C Major
37593,F# Major
37461,D Major
37457,D Major
37459,D Major
37622,C Minor
37623,E Major
37602,D# Major
37711,D Minor
37628,D Minor
37625,E Major
37626,C Major
37624,G Minor
37713,D Minor
37627,C# Major
37956,F Major
37743,D Major
37982,C Major
37981,D# Major
37876,D Major
37983,C# Minor
37984,E Major
38510,G# Major
38506,B Major
37985,C Major
38508,A Major
38548,A Major
38555,D# Major
38515,D# Minor
38511,C Major
38514,G Major
38790,C# Major
38979,A Minor
38978,A Minor
38981,A Minor
38971,D Major
39055,F Minor
38974,E Major
38970,C Minor
38958,D# Major
39290,D# Minor
38983,A Minor
39361,G# Minor
39330,G Major
39342,A# Major
39357,A Minor
39332,B Minor
39393,C# Major
39525,C Major
39539,A Major
39529,G Major
39549,F# Major
39526,F Minor
39514,B Major
39573,E Major
39542,D Major
39570,A Minor
39527,C# Major
39569,G Major
39528,C Major
39541,C Minor
39580,A# Minor
39575,F Major
39574,A Minor
39581,D# Minor
39586,C Minor
39583,D# Major
39587,G Minor
39930,G Minor
39932,B Minor
40243,E Minor
40242,E Major
39811,D# Minor
40234,E Major
39950,A Minor
40238,A Minor
40240,G Minor
39588,C# Minor
40239,E Minor
40244,D Minor
40266,G Minor
40245,C Major
40321,A Minor
40265,A# Minor
40369,F Minor
40491,A Major
40370,D# Minor
40373,F Minor
40496,C# Minor
40556,A Major
40618,F Minor
40497,B Minor
40487,G# Minor
40492,A Major
40557,B Minor
40495,C Major
40553,C Major
40569,A Minor
40488,A Minor
40619,C Major
40621,C Minor
40707,C Major
40623,C Major
40710,D Minor
40708,F# Minor
40709,E Minor
40711,D Minor
40764,F Minor
40719,A Minor
40716,G Major
40773,F Major
40843,C# Minor
40771,F Minor
40842,A# Major
40714,D Major
40777,C Minor
40769,F Major
40841,D# Minor
40814,E Minor
40849,C Major
40951,A Major
40848,F Major
40963,B Minor
41104,G Minor
41122,A Major
41101,D Major
41010,G# Minor
41095,E Major
41192,B Minor
40984,A Minor
41124,F Minor
40989,C# Major
40985,D# Major
41191,A# Minor
41125,C# Major
41486,E Major
41302,F# Minor
41284,B Major
41299,G Minor
41487,D Major
41520,E Minor
41599,D Minor
41489,D# Major
41598,C Major
41517,E Major
41515,D# Minor
41519,C Minor
41554,D Minor
41569,G Major
41516,G Major
41550,F Major
41600,D Minor
41974,E Minor
41602,C Major
41758,G Major
41601,E Minor
41971,A Minor
41981,G Major
41980,A Minor
41975,E Minor
41982,E Major
41976,E Major
42040,D# Major
41988,G Major
42044,A Minor
42058,A Minor
42055,D# Minor
42060,E Minor
42062,C# Minor
42057,D# Minor
42047,D Major
42059,F# Major
42056,C Major
42348,A Major
42064,G# Minor
42312,F# Minor
42350,E Minor
42351,E Minor
42065,A Minor
42434,A Minor
42432,B Minor
42740,C Minor
42349,A Major
42744,D Minor
42742,G# Major
42657,F# Minor
42747,G# Major
42748,D Minor
42745,D Minor
42749,C Major
42750,A Minor
42756,F# Minor
42757,E Major
42758,C Major
42803,D Major
42806,E Major
42834,D Major
43323,G Minor
43402,G# Major
43153,C Minor
42837,E Minor
42836,E Major
43304,A Minor
43325,D# Major
42835,E Major
43411,G# Major
43407,D# Minor
43408,D# Major
43493,E Major
43499,A Minor
43502,D Minor
43497,G Minor
44099,E Major
44101,G Major
44107,E Major
44108,D Major
44103,F# Minor
44102,G Major
44105,C Major
44106,E Major
44100,D Minor
44109,C# Minor
44195,C# Minor
44126,C# Minor
44196,D Minor
44197,A Minor
44207,D Minor
44278,D# Major
44277,D Major
44198,E Minor
44279,A# Minor
44283,E Minor
44282,C Minor
44285,C# Minor
44401,B Major
44286,C# Minor
44423,C Minor
44821,C# Minor
44801,F# Minor
44799,G# Minor
44822,C# Minor
44823,C# Major
44896,C# Major
44954,A Major
44886,C# Major
45012,G Major
45100,D Minor
45099,E Minor
45060,G Major
45101,A Minor
45103,F# Major
45141,G Minor
45166,A Major
45320,F Major
45275,B Major
45331,G Major
45332,G Major
45334,D Major
45513,D Major
45514,E Minor
45515,B Minor
45518,D Major
45517,E Minor
45519,E Major
45520,G Major
45521,D Major
45522,A Major
45562,E Major
45523,C Major
45567,E Major
45566,C Major
45563,C# Major
45565,A Minor
46091,A Major
46088,D Minor
46126,B Minor
46070,C Minor
45568,G# Minor
46339,E Major
46129,E Major
46334,A Major
46146,E Major
46362,E Major
46508,A# Minor
46365,G Minor
46547,D Major
46514,D Minor
46546,D Major
46548,D Major
46735,D Minor
46553,B Major
46551,C Major
46550,F Major
46728,C Minor
46552,A Minor
46549,E Major
46729,F Major
46736,D Major
46786,D Major
46738,C Minor
46757,C Major
46737,A Major
46785,B Minor
46788,E Minor
46787,E Major
46793,A Minor
46791,G Major
46841,C Major
46789,C# Major
46796,G Major
46842,B Minor
46790,D# Minor
46839,F Minor
46847,E Minor
46843,E Major
46853,F Major
46848,E Major
46845,D# Major
46852,E Minor
46850,D Major
46844,A Major
46856,C Major
46854,A Minor
46855,F Minor
47041,B Minor
47023,A Minor
47035,G Major
47043,F Minor
47042,A Minor
47075,C Minor
47071,A# Major
47070,C Major
47068,C Minor
47044,E Minor
47073,D Minor
47076,D Minor
47077,A# Major
47069,D# Minor
47237,G# Minor
47072,D Minor
47240,D Major
47238,D Major
47242,G Major
47243,E Major
47245,F Minor
47366,G Major
47347,A# Major
47368,C Major
47371,D# Major
47365,B Minor
47343,C Major
47369,F# Minor
47479,F# Minor
47478,A Major
47480,G Major
47481,E Major
47477,G Minor
47475,A Major
47464,A# Major
47454,E Minor
47482,E Minor
47612,F Minor
47604,D Major
47515,E Minor
47483,C# Minor
47559,B Major
47609,D# Minor
47562,F Minor
47739,A Major
47742,A Minor
47860,B Major
47661,C Major
47740,A Minor
47662,A Major
47676,D Major
47771,C Major
47767,C# Major
47915,D Minor
47916,C Minor
47917,A Minor
47894,F Major
47920,A Major
47919,F Major
47921,A# Major
47923,F Major
47922,E Minor
48057,C Minor
48058,E Minor
48006,A# Minor
48003,C Major
48055,E Major
48002,E Major
48056,F Major
47955,D Minor
47924,C Major
48060,E Major
48059,F Major
48123,C Minor
48062,G Major
48119,G Major
48063,A Minor
48144,D Major
48141,G Major
48125,C# Major
48139,F# Minor
48143,A Major
48140,G Major
48145,C Major
48142,C Major
48149,G Major
48148,D Major
48146,G Major
48147,D# Major
48173,F Major
48182,G# Minor
48178,E Minor
48177,A Major
48175,D# Major
48176,A Major
48180,A# Major
48187,C Major
48184,E Minor
48186,C Minor
48183,C Major
48185,C Minor
48188,A# Minor
48195,F# Minor
48194,A Minor
48189,D Minor
48205,G Minor
48206,D# Minor
48204,G# Minor
48198,D Minor
48202,G Minor
48199,C Major
48223,D Minor
48203,D Major
48216,G# Major
48243,D Major
48241,C Major
48242,D# Minor
48244,F# Minor
48245,G Major
48247,E Minor
48248,G Major
48291,G Major
48612,A Major
48293,C Major
48290,D Minor
48615,A Major
48297,D Minor
48249,G Minor
48616,E Major
48294,G Minor
48619,G Major
48789,G# Minor
48620,D Minor
48618,G Minor
48621,B Major
48957,A Major
48622,B Major
48969,C Major
48961,F# Minor
49088,C Major
49090,G Minor
49097,D Minor
49132,A Minor
49430,G Major
49296,F Minor
49093,E Minor
49098,D Minor
49438,C Major
49640,E Minor
49637,A Major
49641,A Minor
49639,A Major
49638,A# Minor
49830,E Minor
49643,E Minor
49831,G Major
49642,E Minor
49832,C Major
49833,A Major
49837,A# Major
49836,D Major
49842,A Minor
49838,C Major
49847,B Major
50048,E Minor
49848,C Minor
49849,A Major
50054,E Minor
50049,G Major
50096,D Major
50061,F# Minor
50055,D Major
50051,D Major
50092,B Minor
50053,D Minor
50099,C# Minor
50282,D Minor
50272,E Minor
50267,D Minor
50298,B Major
50419,C Major
50423,C Major
50370,G Minor
50453,G# Minor
50424,D Minor
50450,A Minor
50457,B Major
50454,F Minor
50451,D Major
50455,E Minor
50464,G Major
50456,F# Minor
50619,D Major
50544,C Major
50539,C Major
50595,D Minor
50724,C Major
50726,D# Major
50723,C Major
50623,B Minor
50725,D Major
50731,B Minor
50729,A Major
50727,A# Major
50742,D Major
50728,G Major
50743,D Major
50740,F Major
50741,A Minor
50730,D Minor
50732,D Major
50835,G Minor
50863,C Minor
50862,F Major
50860,B Major
50865,G Minor
50864,E Minor
50910,C Major
50882,D Minor
50868,F Minor
50905,C Minor
50869,B Major
50892,A Minor
50912,C Major
50891,A Minor
50913,C Minor
50911,A Major
50914,C Major
50927,A Major
50928,C Major
50936,C Major
50939,C Major
50940,C Major
50944,G Major
51000,C Minor
50955,C Major
50946,D Major
50952,A Major
50954,G Minor
50991,E Minor
50972,D Minor
50957,C Major
50990,D Minor
50973,E Minor
50959,D Minor
50998,F# Major
51001,C Major
51008,A Major
51038,F Minor
51007,G Major
51118,G Minor
51127,D Major
51153,A Minor
51169,A# Minor
51129,F# Major
51168,D Minor
51231,C Major
51235,A Minor
51230,A Minor
51238,A Minor
51228,F Major
51195,F Minor
51229,A Minor
51241,E Minor
51239,G Minor
51263,B Minor
51271,E Major
51313,A Minor
51333,B Minor
51357,G Major
51317,D Major
51332,C Major
51358,G Major
51359,G Major
51425,A Minor
51420,G Major
51426,D# Minor
51419,B Minor
51389,F Major
51418,B Minor
51424,F# Minor
51421,D Minor
51423,B Major
51360,C# Major
51429,A Minor
51427,C Major
51614,A# Minor
51430,A Major
51428,C# Minor
51623,F Minor
51622,E Minor
51625,B Minor
51617,E Minor
51615,E Minor
51631,B Major
51616,E Minor
51629,C Major
51628,D Minor
51632,D# Minor
51618,C Major
51710,E Minor
51635,D Minor
51732,G# Major
51715,C# Major
51734,F# Major
51776,D Major
51775,E Minor
51755,E Minor
51774,E Minor
51778,D# Minor
51785,F Major
52034,F Major
52052,B Minor
51779,C Major
51921,E Minor
52059,D Major
52043,F Major
51783,G Minor
52040,F Major
52036,C Major
52045,F Major
52225,A Minor
52227,A# Minor
52250,G Minor
52255,D Minor
52251,D Minor
52229,G Major
52257,E Minor
52277,D# Minor
52276,C Major
52508,B Major
52275,E Major
52521,A Major
52259,C Major
52361,B Minor
52522,B Major
52520,F Major
52261,G Major
52404,E Minor
52526,E Major
52568,E Minor
52524,D Major
52525,B Minor
52853,F# Major
52855,A# Major
52857,D# Major
53250,F# Minor
53251,E Minor
52928,B Minor
53249,D Major
53248,G Minor
52962,A Major
52929,E Minor
53247,D Major
52969,D Major
53637,F Major
52931,A Minor
53638,E Minor
53639,E Minor
53636,C Major
53643,A# Major
53642,D Major
53646,F Minor
53801,C Major
53800,G Major
53735,F# Major
53736,E Major
53744,C Major
53796,A# Major
53799,E Major
53742,D Major
53743,C Major
53798,A Major
53810,G Major
53805,F Major
53811,C Minor
53807,E Minor
53803,C# Major
53808,D# Major
53816,D Major
53812,A# Minor
53819,F Minor
53827,D Major
53818,D# Major
53817,G# Major
53815,E Minor
53813,C Major
53814,C Major
53820,C Major
53821,G# Minor
53826,G# Major
53825,F# Major
53823,F Major
53824,A# Major
53828,D Minor
53829,G Major
53830,A Major
53852,D# Major
53845,G Major
53859,G Minor
53846,G Major
54047,C# Minor
53896,C Major
54082,E Minor
54054,B Major
53863,D Minor
54166,E Major
54167,E Minor
54168,C Major
54169,G Major
54171,E Major
54208,D# Major
54173,E Major
54206,C Major
54172,C# Major
54212,G Minor
54213,C Minor
54225,C Major
54227,C Major
54228,C Major
54215,A Minor
54226,C Major
54229,C Major
54230,C Major
54231,C Major
54236,G Major
54232,C Major
54682,A Major
54622,A# Minor
54683,D Major
54298,E Minor
54594,F Minor
54623,D# Major
54686,G Major
54684,C Major
54687,C Major
54689,D Major
54690,D# Major
54685,G Major
54688,D Major
54694,E Minor
54692,D Major
54691,E Major
54695,C Major
54697,A Major
54698,G Major
54699,G# Major
54696,G Major
54693,E Major
54830,A Minor
54907,A Major
54701,F# Major
54715,C Minor
54703,E Major
54735,B Major
54909,E Major
54908,C# Minor
55121,F Major
55247,A Minor
54913,G Major
55111,E Minor
55237,F Minor
54911,A Major
54912,D Major
55292,G Major
55248,C Major
55286,B Minor
55289,G Major
55290,A Minor
55288,A Minor
54910,C# Minor
55285,B Minor
55249,D Major
55334,C Major
55332,A Minor
55336,E Minor
55295,C Major
55346,B Minor
55370,D# Major
55405,A# Minor
55451,E Major
55406,A Major
55409,A Minor
55550,G# Minor
55452,A# Minor
55407,C Major
55411,C Major
55412,F Major
55488,F# Minor
55554,D# Minor
55712,D Minor
55714,A Minor
55710,C Major
55711,D Major
55558,G# Major
55713,D Minor
55715,A Minor
55716,B Minor
55717,G# Minor
56186,A Minor
56187,A Minor
55718,G Major
56143,A Major
55899,D Minor
56500,G# Major
56480,E Minor
56189,D Minor
55719,E Minor
56506,E Minor
56505,C Minor
56508,B Minor
56502,D Major
56510,C# Minor
56504,C Minor
56249,D# Major
56513,D# Minor
56515,F# Minor
56511,A# Minor
56514,A Minor
56512,E Minor
56516,A Major
56518,D Major
56521,A Major
56517,A Minor
56520,E Minor
56525,G Major
56526,D Major
56527,C Minor
56603,G Major
56714,G Major
56605,A# Minor
56606,D# Minor
56601,C Major
56528,B Minor
56713,D Major
56712,E Minor
56803,C# Minor
56804,D Minor
56795,B Minor
56801,D Major
56799,D Minor
56798,F Major
56836,D Minor
56805,G Major
56825,E Minor
56895,A Minor
56901,G Minor
56903,D Minor
56905,G Major
56958,C Minor
56908,E Minor
56912,C Major
56904,G# Minor
56929,A# Major
57004,G# Minor
57005,B Minor
57003,G Major
57007,E Minor
57012,D Major
57010,A# Major
57009,A Minor
57043,C# Major
57038,D Major
57053,F# Minor
57047,G Minor
57071,A Minor
57049,C Major
57050,G Major
57054,G Major
57164,B Major
57235,B Minor
57176,D Major
57234,G# Major
57175,E Major
57241,A Minor
57262,D Major
57261,E Minor
57166,C Major
57263,D Major
57267,C Major
57374,A Major
57387,D# Minor
57303,F# Major
57300,G# Major
57787,F Major
57265,A Major
57391,A Major
57632,A Minor
57636,A Major
57786,C# Minor
57433,G# Minor
57393,G Minor
57400,C Major
57663,F# Major
57790,C# Minor
57791,C Major
57788,G Major
57792,A# Major
57796,C Major
57910,G Major
57798,F Major
57799,G# Major
57793,E Minor
57801,F Major
57914,F Major
57909,E Major
57912,G Major
57916,E Major
57802,B Major
57804,D Minor
57913,G Major
57911,D# Major
57918,D Minor
57915,E Major
57919,F Major
57920,G Major
57924,A# Minor
58111,G Major
57922,E Minor
57921,F Major
58130,D# Major
58128,B Minor
58138,E Minor
58133,A Minor
58136,E Major
58134,E Major
58129,C Major
58135,G Major
58207,C Minor
58140,B Major
58139,B Major
58204,A Minor
58220,A# Major
58219,G# Major
58210,E Minor
58215,C# Major
58216,A# Major
58221,E Minor
58237,F# Minor
58288,A Minor
58275,B Minor
58278,A Minor
58274,B Minor
58273,G Major
58292,C Major
58293,C Major
58276,D Major
58295,D Major
58297,A Major
58303,G Major
58294,A Major
58290,B Minor
58296,B Minor
58307,C Minor
58304,A Minor
58308,A Minor
58310,G Minor
58309,G Major
58312,G Major
58315,A Minor
58316,D# Major
58337,C# Major
58374,C# Minor
58412,G# Major
58410,G# Major
58463,F# Minor
58462,E Major
58505,C Major
58384,C# Minor
58339,C Major
58340,D Major
58604,C Major
59068,A# Minor
58517,F# Major
58507,G Minor
59176,B Minor
59190,C Major
59173,C# Major
59252,E Minor
59291,A Minor
59543,F Minor
59198,E Minor
59250,E Minor
59294,B Minor
59251,F Minor
59286,D Minor
59293,C Major
59375,C Major
59284,G# Major
59542,D Minor
59544,G Major
59555,C Minor
59545,D# Major
59546,D Major
59552,A# Minor
59631,C Major
59613,C Major
59614,E Minor
59554,G Major
59608,A Major
59630,G Major
59559,E Major
59595,C Major
59633,A Major
59915,C Minor
60154,A Minor
59982,A# Major
59985,C# Major
59635,E Minor
59634,A Minor
60158,D Major
60355,G Major
60356,D Major
60358,A Major
60255,F Major
60353,C# Major
60277,F Minor
60357,E Major
60360,F# Minor
60363,C Major
60920,G# Minor
60919,E Major
60362,A Minor
60921,C Major
60842,B Major
60925,F Major
60922,E Minor
60926,E Minor
60923,G# Minor
60924,A Minor
60969,F# Minor
60927,B Major
60928,E Major
60971,D Minor
60973,E Minor
60974,C Minor
61394,D Minor
61480,F# Minor
61496,E Minor
61495,E Minor
61497,A Minor
61502,C Minor
61501,C Major
61504,E Minor
61498,E Minor
61499,A Minor
61503,A# Major
61505,C Major
61507,A Minor
61673,F Minor
61512,B Major
61510,A Minor
61509,F# Major
61679,D Minor
61768,C Major
61731,G Minor
61767,F Minor
61890,F# Major
61863,D Major
61772,F Minor
61782,G Major
61777,G Major
61854,A# Major
61775,D# Major
62375,C Minor
62164,G Minor
62171,G Major
62418,D Major
62587,E Major
62042,F Minor
62381,A Major
62188,D Major
62184,G# Major
62640,C Minor
62643,D Minor
62641,C Minor
62645,E Major
62648,A Minor
62687,C Minor
62902,A Major
62647,C Major
62667,D Minor
62854,G Minor
62642,E Major
62637,C Minor
62665,A Minor
62670,A Minor
62673,A Major
62666,A Minor
62904,A Major
62903,A# Major
62905,C Major
62907,B Major
62906,D# Major
62909,D Major
62908,G Major
63224,F Major
63228,G Major
63261,A Minor
62910,A Major
63147,D Minor
63229,G Minor
62911,C Major
63039,B Major
63098,D Major
63263,E Minor
63260,E Minor
63227,A Minor
63470,F Major
63464,G Major
63752,A# Major
63411,G Major
63753,C Major
63477,G Major
63732,C Major
63481,C Major
63754,D Minor
63734,C# Major
63757,F Major
63769,C# Major
63770,E Minor
63934,C Major
63929,E Minor
63758,E Major
63965,A Minor
63768,D# Major
63966,F Major
63968,D Minor
63789,E Major
63762,C Major
63969,C Minor
63979,B Minor
63971,D Minor
63998,E Minor
64005,D Major
63999,E Minor
64046,D Minor
64162,C Minor
64041,A# Minor
64008,E Minor
64158,A Minor
64160,A Minor
64007,D Minor
64161,C Major
64006,E Minor
64044,A Minor
64164,E Minor
64165,E Major
64163,C# Major
64167,E Minor
64238,G Major
64227,D Major
64264,G Major
64255,E Major
64265,C Minor
64267,C Major
64270,C# Major
64423,G Major
64275,A Major
64953,A# Major
64363,G Minor
64954,C Minor
64576,F Major
64952,C Major
64361,A Minor
64804,G Minor
64362,G Minor
64592,F# Minor
64955,C# Major
64998,C# Minor
64956,G# Major
64999,A Major
65000,E Minor
65002,B Major
65038,D Major
65417,A Minor
65416,A Major
65089,E Minor
65154,E Minor
65039,F# Minor
65412,A Major
65217,D Minor
65475,D Minor
65652,D Major
65605,C Major
65220,C Major
65472,A Minor
65656,D Major
65658,D Major
65657,G Minor
65659,D Major
65662,D Major
65663,G Major
65666,G Major
65661,D Minor
65665,B Minor
65660,D Major
65667,D Major
65668,D Major
65676,B Minor
65671,B Minor
65669,D Major
65674,D Major
65670,G Major
65673,G Major
65672,D Major
65678,G Major
65749,C Minor
65683,A Major
65682,D Major
65755,C Major
65783,G Minor
65781,G# Major
65787,C# Major
65782,F Minor
65792,B Minor
65793,G Minor
65794,D# Minor
65788,G Minor
65789,D# Major
65791,D# Minor
65872,D Major
65877,B Minor
65876,C Major
65874,E Major
65796,F# Minor
65880,F Major
65890,A Major
65879,D Major
65878,E Minor
65891,B Major
65992,C Major
65994,C Major
65893,E Major
65991,C Major
65892,B Minor
65996,D Minor
66049,F# Major
66050,F# Major
65993,D Minor
66051,F Minor
66011,B Minor
66053,G# Major
66057,D# Major
66056,C Major
66052,C# Major
66054,F# Major
66086,A Minor
66073,C Major
66076,A Minor
66078,A Major
66075,F Major
66074,A Major
66084,G Major
66087,E Major
66094,B Minor
66082,A Major
66093,D Major
66083,A# Major
66089,B Minor
66081,F# Minor
66091,A Minor
66090,B Minor
66095,F# Minor
66097,B Minor
66099,B Major
66098,C Major
66100,F# Minor
66096,A Minor
66112,E Major
66141,F Major
66114,F Major
66130,D Major
66131,F# Major
66143,G Minor
66142,D Major
66113,F Major
66134,C Major
66144,C Major
66138,C Major
66178,D# Major
66150,B Major
66177,C Major
66179,A Major
66136,F Major
66137,C Minor
66182,A# Major
66184,F# Major
66183,F Major
66180,A Major
66186,F# Major
66185,D Minor
66187,C# Major
66303,C Major
66316,E Major
66188,C Major
66317,F# Major
66193,D Major
66314,C Major
66315,A# Major
66318,A Major
66201,G Major
66322,B Major
66323,D Major
66319,F# Major
66320,G Major
66324,G Major
66321,E Major
66375,D Major
66401,A# Major
66395,E Minor
66390,A Minor
66389,B Minor
66402,A# Major
66392,D Minor
66406,A Major
66408,D Major
66420,D# Major
66418,A# Major
66415,E Major
66414,B Major
66409,G Minor
66416,E Minor
66421,C Major
66417,C Major
66459,D Major
66422,G Major
66441,D Major
66437,D Minor
66436,G Minor
66493,G# Major
66495,A Minor
66510,F Major
66518,A Minor
66545,C# Major
66544,G Major
66542,G# Major
66516,D Minor
66543,C# Major
66519,G Major
66524,G Major
66723,D# Major
66659,A Major
66660,A Major
66547,D# Major
66546,G# Major
66724,D Major
66739,F Major
66748,C# Major
66744,B Major
66741,C# Minor
66753,G Major
66752,C Major
66740,A Minor
66858,G Minor
66766,D Minor
66757,C Major
66856,D# Minor
66756,G Major
66853,C Minor
66857,C# Minor
66851,C# Minor
66859,F# Minor
66860,A Major
66873,A# Major
66876,D# Minor
66904,B Minor
66882,F Minor
66905,C# Major
66877,F# Major
66881,D# Major
66903,F# Minor
66895,D# Minor
66887,E Minor
66886,C# Minor
66896,D Minor
66929,A Minor
66933,A Major
67051,A Minor
66941,A Minor
66939,A Major
67101,G Major
67106,A# Minor
67257,E Major
67102,E Minor
67288,A Major
67289,E Major
67287,A Major
67293,G Major
67121,D Minor
67286,A Major
67236,A# Minor
67300,G Minor
67294,A Major
67291,C Major
67292,A Major
67302,G Major
67298,D Minor
67329,C# Minor
67306,D# Major
67303,G Major
67335,G Major
67336,G Major
67330,G# Minor
67333,C# Minor
67332,B Major
67363,D# Major
67334,C# Minor
67547,F Major
67473,C Major
67465,C Major
67474,G# Minor
67579,G# Minor
67552,C Major
67466,E Major
67472,A Major
67464,G Minor
67467,D# Minor
67658,F Major
67654,B Minor
67653,C Minor
67660,D# Minor
67656,A Minor
67581,C# Minor
67831,A Minor
68189,D# Major
67837,D Minor
67836,A Minor
67840,C Major
68187,G Major
68195,D Major
67744,G Major
68192,D Minor
67838,E Minor
68194,D Major
68260,G Minor
68253,A Minor
68255,G# Minor
68256,G Major
68196,B Major
68278,E Major
68280,G Major
68279,G Major
68414,G Major
68413,E Major
68428,C Major
68420,C Major
68416,G Major
68419,F# Minor
68281,A Major
68424,B Minor
68456,A Minor
68459,G# Major
68429,C Minor
68434,D Major
68426,E Major
68586,A Minor
68583,G Major
68582,A Minor
68584,D# Minor
68777,D Major
68778,A Minor
68916,F Minor
68911,C Major
68914,A Minor
68913,E Minor
68915,E Minor
68910,D Major
68912,A Minor
68917,C Minor
68919,E Major
68918,E Minor
68948,G# Major
68949,F Minor
68950,A Major
68942,E Major
69011,G# Major
69073,C Major
69065,E Major
69176,F Major
69064,G# Minor
69012,A Minor
69072,A Minor
69068,E Minor
69067,B Major
69233,A# Major
69237,G# Major
69238,F# Major
69235,G# Major
69214,F Major
69226,G# Minor
69234,E Minor
69240,C Major
69244,D Minor
69242,A# Major
69245,C Major
69247,C Major
69259,D Major
69246,C Major
69250,A Minor
69248,E Major
69314,D Major
69319,D Major
69323,D Major
69576,G# Major
69588,F Minor
69330,D Major
69593,F Major
69458,A Major
69594,A Minor
69590,A Minor
69601,B Major
69609,D# Major
69608,G Major
69610,C Major
69611,F# Major
69607,D Major
69612,A# Major
70048,C# Minor
69932,A Major
69937,E Major
69941,C# Major
69904,A# Major
69781,B Major
70050,D# Major
70052,C# Minor
70053,A# Major
70051,D Minor
70056,E Major
70058,E Major
70057,D Major
70059,B Minor
70054,A Minor
70213,D# Major
70191,D Minor
70061,G# Major
70060,B Minor
70194,G Minor
70103,G# Minor
70215,E Major
70221,G Major
70229,E Minor
70227,A# Major
70713,C Minor
70304,C Major
70673,F Minor
70302,C Minor
70244,G Major
70403,A# Major
70883,F Minor
71334,C Major
70887,F Major
70719,C# Major
71009,C# Minor
70717,B Major
71256,A Major
71231,A Minor
71257,D Minor
71226,D Minor
71229,F Major
71261,D Minor
71264,F Major
71263,E Major
71262,E Minor
71266,A Major
71364,A Minor
71363,A Major
71369,E Minor
71372,C Major
71370,E Minor
71371,D Major
71366,A Minor
71368,A Minor
71365,A Minor
71488,E Minor
71367,A Minor
71515,A Major
71582,F Major
71516,A Major
71511,G Major
71506,D# Minor
71517,C Major
71504,E Minor
71700,E Major
71584,F# Major
71698,C# Major
71697,A# Minor
71585,A Major
71701,A Minor
71583,A Major
71855,C Minor
71703,C Major
72017,F# Major
72022,F Major
72020,C Major
71702,A Minor
71957,E Minor
72047,D Major
72046,A Major
72051,D Major
72056,G Major
72048,F# Minor
72049,E Minor
72055,D Major
72057,A Major
72053,A# Major
72313,D Minor
72245,G Minor
72255,G Major
72115,G Major
72248,F Minor
72110,G Major
72113,E Major
72246,G Major
72206,D Major
72360,B Major
72359,F# Minor
72436,D Major
72451,D Minor
72474,A# Major
72477,E Major
72475,B Major
72480,G Minor
73114,D Minor
73069,C Minor
73419,B Minor
72997,B Minor
72623,C# Minor
72634,D# Minor
72615,A Minor
73181,D# Minor
72686,C# Major
72624,A# Major
73422,G# Major
73423,B Major
73420,D Major
73425,E Major
73428,F Major
73431,D Major
73435,C Major
73741,G# Major
73693,D Major
73432,A Major
73492,D Major
73704,G Major
73689,E Major
73495,B Minor
73437,C Major
73687,E Major
73696,G# Major
73768,G Minor
73758,A Major
73770,A Major
73763,G Minor
73761,F Major
73792,A Major
73774,A Major
73788,F Major
73772,G# Major
73789,C# Minor
73806,G# Major
73809,A Minor
73875,F Minor
73866,A Major
73836,E Major
73944,A# Minor
73868,D Minor
73946,F# Minor
73941,D Minor
73942,F# Minor
73943,G# Major
73948,G# Major
73953,F Major
73952,G Major
73950,E Major
73954,D Major
73951,A Major
73955,E Minor
73956,C Major
73964,G Major
73967,G Major
73965,C Minor
73958,D Minor
73968,D Minor
73959,F Major
73957,D Major
73966,D# Minor
73970,G# Minor
73969,G Major
73976,D Minor
73977,D Minor
73973,D Minor
74090,D# Major
73971,F# Major
74192,D# Major
74378,G Major
74148,A Minor
74113,A Minor
74149,A Minor
74208,D Major
74111,G# Major
74146,E Minor
74340,A Minor
74214,C Minor
74383,E Major
74386,G Major
74384,C# Minor
74474,D Minor
74506,F Major
74393,A# Minor
74517,G Major
74509,A Minor
74514,A Major
74518,A Major
74512,D# Major
74531,E Minor
74532,G# Major
74510,D Major
74529,D Major
74515,F# Minor
74528,F# Minor
74516,D Minor
74508,C# Major
74533,B Minor
74536,D Major
74535,D Major
74695,B Minor
74537,G Major
74552,C Minor
74692,C Major
74556,A Major
74691,D Major
74694,G Major
74817,D# Minor
74867,A Major
74864,A Major
74897,C Minor
74857,F Major
74856,G Minor
74853,E Minor
74898,C Minor
74868,D Major
74906,A# Minor
74925,C Major
74899,G Minor
74901,A# Major
74937,D Minor
75056,D Major
75049,D Major
75055,C Major
75051,E Major
74938,D Minor
75052,D Minor
75053,D Major
75059,C Major
75057,E Major
75060,D Major
75232,B Major
75231,E Minor
75061,D Major
75238,D# Minor
75233,C# Minor
75234,F# Minor
75270,E Minor
75269,C Minor
75268,D Minor
75265,F Minor
75267,B Minor
75244,B Major
75273,A Major
75374,D Major
75271,D# Minor
75272,E Minor
75276,E Minor
75372,C# Major
75378,C Minor
75376,C# Major
75379,G Minor
75381,E Major
75377,F Minor
75389,D# Minor
75393,E Minor
75387,D# Minor
75384,G# Minor
75385,G Minor
75416,F# Minor
75395,E Minor
75417,G# Major
75414,C Minor
75422,D# Minor
75394,G# Minor
75396,G# Minor
75419,B Minor
75413,C# Minor
75424,E Minor
75429,D Minor
75430,F Major
75431,D Minor
75433,D Minor
75432,D Minor
75434,D Minor
75435,D Minor
75475,C Major
75443,D Minor
75436,D Minor
75440,D Minor
75437,D Minor
75454,A Minor
75456,D Minor
75476,F Minor
75458,A Minor
75441,D Minor
75439,D Minor
75582,C Major
75581,G Major
75579,A Major
75580,G# Minor
75578,A Major
75585,F Minor
75583,C Major
75588,C Major
75586,C Major
75626,B Major
75686,C# Minor
75684,G Major
75683,G Major
75692,D Major
75680,B Major
75693,D Major
75587,A# Major
75681,E Major
75685,E Minor
75589,G Major
75682,G# Major
75900,D# Major
75746,G# Major
75901,C# Minor
75904,D# Minor
75903,C# Major
76082,E Minor
76128,D# Major
76130,C Major
76129,F Major
75978,E Minor
76131,D Major
75905,D# Minor
75909,A# Minor
76117,A Minor
75910,A# Major
75906,C Minor
76236,C# Major
76239,C Minor
76241,B Minor
76240,A# Minor
76243,F Major
76248,G Major
76252,G Major
76247,E Major
76244,F# Major
76282,A Major
76281,D Major
76284,C Major
76288,A# Major
76285,B Major
76287,C# Major
76349,D# Minor
76283,D Minor
76351,B Minor
76286,F Major
76352,G# Major
76353,C Minor
76356,C# Minor
76354,A# Minor
76355,G Minor
76357,D# Major
76478,D Minor
76482,D Major
76486,G# Minor
76479,D# Minor
76501,E Major
76500,E Minor
76499,D Minor
76491,B Minor
76513,B Minor
76506,D Major
76504,B Major
76490,D# Minor
76497,E Minor
77233,C Major
76511,A# Major
76509,B Minor
77304,G Major
77234,B Major
77236,G Major
77235,E Minor
77315,G Major
77375,E Minor
77311,C Major
77309,B Major
77312,C# Minor
77316,G Major
77317,C Major
77308,C Major
77374,B Major
77377,G Minor
77376,G Major
77378,C Major
77379,A Major
77382,G Major
77380,F Major
77385,C# Major
77386,G Major
77549,B Minor
77566,G Minor
77573,D Major
77550,F Minor
77825,G# Minor
77577,F# Minor
77832,G# Major
77548,G# Major
77564,D Minor
77831,A Minor
77826,D Major
78067,B Major
77833,F Major
78099,F# Minor
78096,C Minor
78100,A Minor
78207,A Major
78104,D Minor
78101,F# Minor
78244,C Minor
78102,C Major
78839,A Major
78249,G Minor
78848,A# Major
78836,A Major
78840,A Minor
78835,E Major
78847,A Minor
78252,B Minor
78834,A Minor
78843,D# Minor
78845,A Major
79340,G Minor
79339,A Minor
78852,A Minor
79363,D Major
79344,F Major
79604,F Major
79365,D Major
79733,D Minor
79736,A Major
79364,E Major
79367,B Major
79744,D Major
79731,B Minor
79368,E Major
79366,G Major
79369,E Major
79372,E Minor
79734,D Major
79745,E Major
79749,E Minor
79746,A Major
79753,E Major
79754,E Major
79757,D Major
79755,B Major
79760,D Minor
79758,D Major
80005,E Major
79759,E Major
80076,G Major
79895,A Minor
80001,D Major
80087,F# Major
80000,G Major
80088,A# Minor
79784,E Minor
79799,E Major
80002,F# Major
79756,G Major
80089,D# Major
80090,D# Minor
80142,D# Minor
80091,F Major
80145,E Minor
80239,A Major
80159,A Minor
80162,A Major
80307,E Minor
80311,D Major
80312,B Minor
80449,F Major
80426,D Minor
80439,E Minor
80783,G Minor
80163,D# Minor
80301,A Minor
80491,F Minor
80503,D Minor
80429,C Minor
80793,C Minor
80786,C Major
81241,C Minor
81238,A Major
81248,E Major
81252,E Minor
81243,B Minor
81244,G Major
81246,E Major
81451,F Major
81370,A# Minor
81355,G# Minor
81382,G Minor
81356,A# Major
81368,C# Major
81357,A# Major
81364,A Major
81455,E Major
81450,C Major
81454,C Major
81452,D Major
81465,G# Minor
81461,B Minor
81463,C Major
81462,F Major
81466,E Major
81468,C Minor
81478,C Major
81481,A# Minor
81483,D# Minor
81479,B Major
81480,D Major
81476,F Major
81490,C Major
81487,F Major
81493,E Minor
81484,B Minor
81492,G# Major
81491,F# Minor
81489,D Major
81495,E Major
81498,F Major
81497,C Major
81504,F# Minor
81506,D Major
81501,E Major
81507,E Major
81499,G Major
81516,A Major
81509,E Major
81517,B Major
81508,E Major
81520,D Major
81519,C Major
81510,F Major
81511,B Major
81514,F# Major
81523,C# Minor
81526,F Major
81531,E Major
81532,G Major
81528,D Major
81527,A Major
81534,G# Minor
81553,D Major
81547,D Major
81536,B Major
81538,D Major
81539,C# Minor
81542,E Minor
81543,D Major
81537,D Major
81544,B Minor
81546,A Minor
81552,G Major
81551,C Major
81558,E Major
81555,D# Major
81560,B Minor
81562,G Minor
81564,F Minor
81568,A Minor
81569,D# Major
81567,F Major
81573,C Major
81571,G Major
81575,E Major
81582,C# Minor
81576,C Minor
81580,G Major
81578,C Minor
81581,D Minor
81586,D# Major
81584,A# Minor
81583,C Minor
81592,F Minor
81598,C Major
81599,C Major
81596,F# Minor
81593,C Minor
81606,G Major
81601,D Major
81608,B Major
81603,F Major
81600,G Major
81609,C Major
81605,F# Major
81611,B Major
81614,D Major
81619,F# Minor
81612,G Major
81613,C Major
81620,B Major
81626,E Major
81625,B Minor
81629,D Major
81635,A Minor
81633,F# Minor
81634,C# Minor
81632,E Major
81636,G Major
81638,C Major
81640,B Major
81641,C Major
81643,C# Major
81649,A Major
81646,G Major
81650,A# Major
81648,D Major
81652,C# Minor
81653,D# Minor
81651,E Major
81655,C Major
81656,D Major
81657,B Major
81658,A# Major
81661,A Minor
81664,G# Major
81671,G# Major
81665,C# Major
81678,C Major
81675,C Major
81676,C# Major
81672,A# Minor
81680,F Major
81682,D Major
81684,D# Major
81690,G Minor
81686,B Major
81688,B Minor
81691,C Major
81685,D Minor
81687,G Major
81696,F Major
81710,A Major
81695,B Major
81697,C Major
81692,E Minor
81704,G# Major
81694,D Major
81701,C Major
81723,C Major
81718,F# Major
81716,F Major
81717,D Major
81721,A Major
81719,D Minor
81711,E Major
81720,G# Minor
81724,D Major
81727,B Minor
81728,D Minor
81731,E Major
81729,B Major
81730,C Major
81732,B Major
81733,C Major
81738,D Major
81747,E Minor
81751,C# Major
81741,G# Minor
81735,F Major
81734,E Minor
81744,E Minor
81743,B Minor
81742,D Major
81739,B Major
81753,A Major
81761,F Major
81745,B Major
81752,C Major
81746,D Major
81757,G Major
81755,C Major
81759,A Major
81770,G Major
81769,G# Minor
81768,F Major
81771,F Major
81774,D Major
81772,C Major
81773,D Minor
81776,A Minor
81777,C Major
81781,C# Minor
81789,B Minor
81787,D Major
81786,C Major
81780,E Major
81788,D Minor
81782,C# Minor
81790,B Major
81792,G Major
81791,D Major
81793,E Minor
81803,F Major
81801,F# Minor
81799,B Major
81802,E Major
81804,G# Major
81813,F# Major
81806,C Major
81811,F# Major
81805,F Major
81812,A# Major
81810,D Major
81807,A# Major
81817,C# Minor
81815,G Major
81814,C Major
81821,C Major
81819,A Minor
81979,E Major
81822,B Major
81830,C Minor
81831,E Minor
81833,D Minor
81941,B Major
81987,F# Major
81981,C Major
81985,E Major
81983,G Major
81980,A Minor
81982,D Minor
81988,C Major
81989,G Major
81993,C Major
81992,B Minor
81990,C Major
81994,C Major
81998,B Minor
81996,G Minor
82001,A Major
82000,C# Minor
82012,B Minor
82004,A Major
82011,A Major
82009,G# Minor
82008,A# Major
82007,D Major
82005,B Major
82010,G Minor
82054,F Minor
82066,F Major
82065,A Minor
82067,D Minor
82503,F# Minor
82507,A# Major
82508,C# Minor
82070,E Minor
82499,C Minor
82538,E Minor
82541,C Minor
82556,A Major
82557,E Major
82620,F# Minor
82606,A# Minor
82615,G Major
82621,C Major
82660,E Major
82661,G# Major
82668,A Major
82860,D# Minor
82859,D Major
82858,A Minor
82743,E Minor
82866,D Minor
82861,G Minor
82871,A Major
82862,G Major
82865,G Minor
82915,D Major
82914,C Major
82868,G Major
82869,A Minor
82916,C Major
82918,D Major
82920,E Minor
82919,E Minor
82917,A Major
82921,A# Minor
82929,E Minor
82930,G Major
83153,C Major
83151,A Minor
83143,F Minor
82933,B Minor
83152,A# Minor
83156,B Major
83257,A# Major
83241,C Major
83238,D Major
83157,B Minor
83159,G Major
83237,G Major
83247,C Major
83252,E Major
83256,G Major
83273,A# Major
83258,E Major
83254,G Major
83260,G Major
83262,D Major
83265,G Major
83261,E Major
83263,A Major
83266,F# Minor
83267,G Major
83268,C Major
83279,F Major
83277,C# Minor
83276,G Major
83269,F Major
83319,A# Major
83320,A Major
83272,D# Minor
83270,C# Minor
83271,G Major
83275,E Major
83322,C Major
83330,A Minor
83331,D# Minor
83321,E Major
83338,F# Minor
83340,G Major
83451,F# Minor
83456,D Major
83462,C Major
83454,B Minor
83452,D Major
83461,D Major
83349,C Major
83346,F# Major
83351,C Minor
83459,E Minor
83470,A Minor
83569,D# Major
83634,E Minor
83464,B Major
83628,F# Major
83636,D Major
83640,A Minor
83638,G Minor
83641,A Major
83644,E Major
83659,D Minor
83647,G Minor
83645,B Major
83663,D Minor
83646,G Major
83642,G# Minor
83643,A Minor
83662,G Minor
83705,A# Major
83669,C Major
83670,F Minor
83706,G# Major
83710,G Minor
83708,E Major
83707,F# Major
83724,D# Major
83717,D# Minor
83715,G# Major
83730,G Major
83727,G Major
83719,C# Major
83735,B Major
83728,G Minor
83729,B Major
83733,G Major
83736,E Major
83749,G Minor
83748,F Major
83859,E Minor
83813,D Major
83822,G Major
84051,G Major
84021,B Minor
84112,D Major
84121,C Major
84113,E Minor
84123,D# Major
84122,D Major
84119,A Minor
84125,D Major
84131,F Minor
84128,G Minor
84127,D# Major
84134,G Minor
84171,C Minor
84172,A Minor
84196,D# Minor
84170,F Major
84173,E Minor
84263,C Major
84289,E Minor
84468,B Minor
84276,F# Major
84555,E Major
84470,D Minor
84553,B Minor
84476,B Major
84472,A Minor
84559,D Major
84563,D Major
84554,D Major
84562,G Major
84564,B Minor
84652,C# Major
84566,E Major
84565,B Minor
84657,A Major
84654,B Major
84736,E Minor
84742,F Major
84763,A# Minor
84741,A Minor
84767,A Minor
84760,D Major
84824,G Minor
84825,E Minor
84770,D# Major
84774,F# Minor
84983,G Major
84984,E Minor
84985,D Major
84986,A Major
84988,A Minor
84989,G Major
84987,C Major
85289,D Minor
84992,A Minor
84990,C Major
85024,B Minor
84991,A Major
85291,G Minor
85320,F# Minor
85319,E Major
85322,A Major
85323,F# Major
85325,G Minor
85327,A Minor
85321,A Major
85330,E Major
85331,B Major
85329,D Major
85333,D Minor
85334,F# Minor
85337,A Minor
85332,B Minor
85335,G# Major
85338,A Minor
85340,C Major
85339,D Major
85424,D Major
85476,F Minor
85388,C Major
85477,F Major
85479,F Minor
85483,D Major
85485,A Major
85487,B Major
85482,G Major
85480,A Minor
85481,G# Major
85486,G Major
85484,D Major
85490,D Major
85492,F# Major
85488,D# Major
85489,F Major
85491,F# Major
85597,F# Major
85538,D Minor
85536,G Major
85537,C Major
85595,C Minor
85594,D# Minor
85592,C Minor
85599,G Major
85600,A# Major
85602,D# Major
85697,C Major
85767,F Major
85757,G Minor
85789,D Major
85771,E Major
85788,C Major
85768,C Minor
85777,G Minor
85787,E Minor
85698,G Major
85834,C# Major
85916,E Minor
85918,G# Major
85919,D Minor
85826,F Major
85920,C Minor
85827,F Minor
85934,F Minor
85937,F# Major
85921,D Minor
85942,D Major
86149,G# Minor
86151,F Major
85966,A Major
86150,D Minor
85940,D Major
86148,A Major
86264,C Major
86265,C Major
86268,C Major
86262,G Minor
86266,A Minor
86270,C Major
86269,C Major
86272,C Major
86271,C Major
86274,E Minor
86284,D Major
86278,C Major
86273,C# Major
86285,A Minor
86281,C Major
86283,C# Major
86474,B Minor
86473,F Major
86420,C Major
86462,A Minor
86479,G Minor
86476,C# Minor
86471,G Minor
86472,F Major
86465,E Major
86482,D# Major
86484,F Minor
86480,B Minor
86485,G Major
86481,C Major
86483,F# Major
86487,D# Major
86561,A Major
86486,E Major
86566,B Minor
86562,D Minor
86678,B Minor
86795,D Major
86788,C Minor
86582,C# Minor
86634,A Minor
86901,B Major
86797,D# Minor
86910,C Major
86904,C Minor
86980,D# Minor
86799,E Minor
87096,A Major
87098,B Minor
87099,D# Major
87002,G Major
87019,B Major
87114,G Minor
87100,C# Major
87115,C Major
87103,C# Minor
87107,D Major
87122,E Major
87116,D Minor
87157,C Minor
87188,F# Major
87185,F# Minor
87186,C Major
87123,C Major
87187,E Major
87159,F Major
87158,C Minor
87189,D Major
87191,C Major
87190,G Minor
87194,G Major
87193,A Minor
87192,E Major
87225,C Minor
87221,E Minor
87220,D# Major
87236,A# Minor
87260,C# Minor
87261,B Major
87275,D Major
87262,D Minor
87237,A# Major
87235,G Minor
87258,F# Minor
87359,A Major
87372,E Major
87361,E Minor
87407,B Major
87373,D Major
87409,G# Major
87408,G# Major
87374,A Major
87568,A# Major
87547,F Major
87562,C Major
87563,A# Minor
87572,A Minor
87575,D# Minor
87794,F Major
87576,A Major
88812,C Minor
88114,C# Major
88433,F Major
87944,C# Minor
87795,A# Minor
87940,A Minor
87798,G# Minor
88434,C# Major
88854,F Minor
88846,E Minor
88848,F Major
88864,G Minor
88856,C# Major
88860,G Major
88858,B Major
88861,B Major
88868,E Major
88918,E Minor
88867,A Major
88925,C# Major
88926,E Major
89028,F# Minor
89188,C Major
89032,F Minor
89034,A# Major
89218,G Major
89217,C Major
89035,G# Minor
89029,C# Minor
89211,C# Minor
89201,D# Minor
89197,G Major
89225,A Minor
89223,D Major
89244,B Minor
89239,C Major
89241,C Major
89231,C Major
89246,D Minor
89292,F# Major
89298,G# Major
89301,F Major
89302,C Major
89262,A Minor
89255,C Major
89297,C Major
89306,F# Major
89300,F# Major
89308,E Major
89309,D Minor
89316,F# Major
89312,E Major
89310,G Major
89314,G Major
89344,G Major
89433,A Minor
89440,C# Minor
89429,G Major
89795,E Major
89619,D Major
89477,A Major
89863,E Major
89702,F Major
89441,C Major
89665,G Major
89867,F Major
89663,C# Minor
89758,G Major
89818,C Major
89796,G Major
89887,G Major
90047,B Major
89888,G Major
89876,A Minor
90411,F# Minor
90406,G# Minor
90444,G Major
90068,A Major
90451,E Major
90070,D Major
90048,C# Minor
90604,B Minor
90593,E Minor
90504,C Major
90606,F Minor
90600,E Major
90523,F Major
90524,A Major
90616,E Major
90530,C# Major
90618,D# Major
90690,A# Minor
90649,B Minor
90692,D# Minor
90809,A Minor
90787,A Minor
90750,A Minor
90746,D# Major
90744,C Major
90693,F Minor
90755,D# Major
90691,C Minor
90807,D Minor
90808,E Minor
90831,D Major
90829,D Major
90918,E Major
90920,E Minor
90921,C# Minor
90923,G Major
90974,C Major
90927,F Minor
90975,G Minor
90961,D# Major
90972,F Minor
90973,D Major
91082,C Minor
91089,C Minor
91083,C Minor
91004,B Minor
91099,E Minor
91126,F Minor
91134,A# Major
91062,G Major
91165,A Major
91049,D Major
91175,C# Minor
91168,C Major
91171,C Major
91172,C# Minor
91170,B Minor
91264,F Major
91176,C Minor
91280,F# Major
91265,D# Major
91205,C Minor
91272,F Major
91263,G Minor
91268,E Minor
91262,E Minor
91277,A Minor
91281,D Minor
91359,D Minor
91368,A# Minor
91375,B Major
91371,G# Minor
91374,D Major
91373,G Major
91370,B Minor
91382,E Major
91380,F# Minor
91386,G Major
91383,C# Major
91390,F# Minor
91398,D# Major
91440,E Minor
91394,C# Minor
91395,F# Minor
91393,F# Major
91384,C Major
91388,C# Minor
91389,A# Minor
91391,C Major
91436,C Major
91381,B Major
91474,B Major
91472,D# Minor
91457,G Major
91473,F# Major
91476,E Minor
91477,E Minor
91479,E Minor
91574,B Minor
91480,D Major
91483,B Minor
91575,F# Major
91601,A Major
91598,G Minor
91600,G Major
91709,C Major
91482,E Major
91494,A Major
91714,B Minor
91716,B Minor
91711,D Minor
91713,E Major
91717,G Major
91724,D Major
91725,E Major
91726,G Major
91732,G Minor
91735,C# Minor
91728,F Major
91738,B Major
91731,G Major
91736,F Minor
91739,F Minor
91734,E Major
91733,E Major
91824,A Major
91823,F# Major
91840,A Minor
91826,D Major
91830,E Major
91828,G Major
91844,F Minor
91851,D Minor
91886,A Minor
91891,E Minor
91965,A Minor
91850,D Minor
91969,G Major
92023,E Major
91849,A Minor
91968,C Major
92025,B Major
92026,D Major
92032,D Major
92028,E Minor
92031,E Major
92027,B Minor
92033,D Major
92151,G Major
92152,B Minor
92150,D# Major
92157,E Major
92158,C# Major
92153,D# Major
92155,G Minor
92154,G Major
92156,D Major
92159,C Major
92177,D Major
92160,C Major
92161,E Major
92162,A Major
92176,D Minor
92178,F# Minor
92182,C Major
92181,B Minor
92180,E Minor
92179,F Major
92185,C Major
92183,G Major
92325,E Minor
92184,A# Major
92187,G Major
92375,F# Minor
92379,G# Minor
92401,B Major
92397,E Minor
92381,B Major
92380,F Major
92423,G Minor
92463,C Major
92597,F# Major
92596,F Major
92517,A Minor
92721,F Major
92722,E Major
92598,F Minor
92728,A# Minor
92719,G# Major
92720,F# Minor
92725,F Major
92759,F Major
92727,F Major
92723,E Minor
92726,D# Major
92761,E Minor
92765,B Minor
92824,G Minor
92762,G Minor
92867,F Minor
92954,C Minor
92952,F Minor
92947,C Minor
93024,A Major
92950,C Major
92949,C Major
92955,G Minor
93032,F# Minor
93053,D Major
93055,E Major
93056,B Major
93058,A Major
93351,A Minor
93360,C Major
93057,B Minor
93074,A Minor
93716,B Major
93363,C Major
93361,G Major
93364,C Major
93798,G Major
93362,A Minor
93558,C Minor
93370,D Minor
93815,G# Major
93818,F Major
93822,F# Major
93821,E Major
93807,G Major
93810,F# Major
93801,C Major
93811,F# Major
93825,D Minor
93860,F Major
93930,F# Minor
93863,C Major
93823,F# Major
93824,C Major
93868,D Major
93932,D Major
93950,A Minor
93867,B Major
93951,A Major
93937,C Major
93952,E Minor
93953,A Major
93934,F Minor
93936,A Minor
94126,A Major
93959,B Minor
93960,D Major
93986,E Major
94175,E Major
94174,B Major
94136,F# Minor
94177,F Major
94209,A Major
94206,B Minor
94204,D Minor
94210,A# Major
94211,D# Major
94205,D Major
94178,E Minor
94207,D Major
94198,C Major
94241,C Minor
94212,C Major
94331,A Minor
94416,F# Minor
94417,A Minor
94357,F Minor
94419,E Minor
94434,G Minor
94433,G Major
94424,G Major
94564,E Major
94436,G Minor
94438,G Minor
94441,G Minor
94439,A Minor
94442,G Major
94444,E Minor
94437,C Major
94619,C Major
94720,G Minor
94788,C Minor
94724,F# Minor
94625,C Major
94652,A Major
94723,B Major
94721,C Major
94789,C Minor
94790,G Major
94793,C Major
95503,D Major
94799,C Major
95409,D Minor
94802,A Minor
95407,D# Minor
95602,F Minor
95507,D Major
94795,C Minor
95604,E Minor
95605,D# Minor
95603,A Minor
94794,C Minor
95606,E Minor
95631,A# Minor
95665,F Major
95664,D Minor
95667,C Major
95724,F# Major
95668,A Minor
95726,B Major
95770,F# Major
95669,C Major
95771,E Major
95766,D Major
95756,G# Minor
95777,E Major
95670,D# Major
95671,C Major
95773,B Major
95767,D Major
95769,D Major
95778,F Major
95781,G Major
95782,A Major
95780,E Major
95783,A# Major
95810,C# Major
95785,A Major
95805,A Minor
95807,C Major
95784,D Minor
95813,E Minor
95786,D Major
95823,B Major
95848,C# Minor
95819,G Minor
95849,B Major
95835,F# Minor
95808,A Major
95846,C# Minor
95822,C Major
95820,A# Major
95821,A# Major
95875,F Minor
95893,E Minor
95897,G# Major
95911,B Major
95917,C Major
95908,F Minor
96056,F Minor
96100,C Major
96795,F# Major
96431,A Major
96790,B Major
96435,A Major
96792,E Major
96147,G Major
96432,E Major
96796,B Major
96946,A Minor
96797,D Major
96944,D Minor
97001,D# Minor
97013,D Major
97007,C Major
97000,C# Minor
97034,B Minor
97036,C Major
97154,C# Major
97164,A# Major
97147,C Major
97166,C Major
97043,D Major
97039,G Major
97146,C# Major
97170,C Major
97167,C Minor
97171,F# Minor
97173,F# Minor
97190,D# Minor
97174,E Minor
97179,G# Minor
97172,F Minor
97246,C Major
97244,B Minor
97192,G Minor
97247,A Minor
97255,C Minor
97285,A Major
97259,C Minor
97288,D Minor
97294,D Minor
97292,E Minor
97291,C Major
97401,C Minor
97400,E Minor
97408,F# Minor
97409,B Minor
97404,G Major
97520,F Minor
97402,E Minor
97414,A Major
97412,D Minor
97524,F Minor
97525,G Major
97574,F# Major
97534,C Major
97532,A Major
97522,D# Minor
97578,C Major
97526,F Minor
97589,E Major
97602,G# Minor
97603,F Minor
97609,F Major
97681,B Major
97685,G# Minor
97797,D Minor
97687,D Major
97800,E Minor
97882,G Minor
97806,A Minor
97818,A Major
97891,C Major
97808,A Major
97823,A Major
97826,E Minor
97958,A# Minor
97959,A Minor
98204,E Major
98202,C# Major
97961,F Minor
97960,F Major
98077,C Major
97896,C Major
98206,A Minor
98225,C Major
98361,F Major
98357,C Major
98221,D# Major
98323,D Minor
98358,G# Major
98226,E Minor
98484,E Minor
98482,A Minor
98362,A# Major
98369,A Major
98488,A# Major
98487,E Minor
98381,B Major
98372,A# Major
98486,B Minor
98490,C Major
98491,D Major
98489,C Major
98549,A# Major
98548,G Minor
98547,E Major
98551,D Major
98552,F# Major
98609,F Major
98553,D Minor
98569,G# Major
98608,B Major
98556,G Minor
98606,D Major
98604,A Major
98567,F# Major
98605,G Major
98603,D Major
98610,A Major
98613,C Major
98611,F Major
98612,C Major
98615,D Major
98616,A Minor
98620,D Minor
98621,C Minor
98617,E Minor
98626,E Minor
98618,D Minor
98622,B Minor
98624,A Minor
98619,E Minor
98625,C Major
98623,E Minor
98627,D Major
98754,F Major
98760,A Major
98702,A# Major
98756,G Minor
98761,G# Major
98766,D Minor
98809,B Minor
98841,F Minor
98764,C Minor
98855,A# Minor
98840,F Minor
98771,G Minor
98837,A Minor
98838,D# Major
98765,A# Minor
98854,G Major
98857,F Minor
98856,G Major
98859,E Major
98860,G Major
98861,C# Major
98863,G Minor
98874,G# Major
98865,G Major
98876,E Minor
98872,D# Minor
98864,C Minor
98869,A Minor
98867,G Minor
98873,G Minor
98878,D# Minor
98879,C# Major
98877,B Minor
98911,A# Minor
98884,E Minor
98880,D# Minor
98891,E Minor
98890,C Minor
98906,E Major
98907,D# Minor
98912,A# Minor
98915,F Minor
98916,E Minor
98921,C Major
98923,A Minor
98919,B Minor
98922,D Minor
98932,C Minor
98931,D# Minor
98933,C# Minor
98938,C# Minor
98935,G# Minor
98926,D# Major
98929,G# Minor
98942,A Minor
98943,D# Minor
98948,D Minor
98945,F# Major
98949,D# Minor
98947,C Major
98952,A Minor
98950,G Major
98953,A# Minor
98970,D# Minor
98985,A# Minor
98976,C# Major
98988,F# Minor
98993,E Minor
98991,F# Major
99000,E Minor
98998,F# Major
98995,C# Minor
98987,A# Major
99002,D# Major
99010,C Minor
99007,D Minor
99015,D# Minor
99016,E Minor
99012,E Minor
99020,D# Minor
99019,C# Major
99017,B Minor
99018,D# Minor
99024,F Minor
99027,G Major
99026,E Major
99022,A# Minor
99021,G Major
99031,C Minor
99028,C# Major
99030,G Minor
99023,G Major
99034,G Minor
99032,G Major
99033,A Minor
99036,A Minor
99035,A# Minor
99040,G Minor
99039,D# Minor
99050,A Minor
99051,E Minor
99041,G# Major
99052,B Minor
99049,C Major
99053,F Major
99055,D# Major
99279,A Minor
99281,B Minor
99284,E Minor
99286,A Minor
99283,C Major
99288,C Major
99305,G Minor
99300,D Minor
99302,G Major
99488,A# Minor
99311,B Minor
99486,C# Minor
99309,D# Minor
99491,C# Minor
99312,D# Minor
99494,A Minor
99489,A Minor
99492,A Minor
99520,C Minor
99521,A# Minor
99519,G Minor
99522,A# Minor
99524,F Major
99566,D Major
99565,B Minor
99617,D Major
99616,E Minor
99614,D Minor
99569,B Minor
99570,A Major
99615,G Major
99567,G Major
99620,A Minor
100523,C Minor
100527,G Minor
100539,C Major
100696,D Major
100524,F# Minor
100697,F Major
100529,C Minor
100530,C Minor
100698,E Major
100704,A Major
100709,G Major
100701,C Major
100711,D Major
100719,C# Major
100715,G Major
100768,C Major
100717,C Major
100778,A Minor
100771,D Major
100769,D# Major
100775,B Major
100770,E Major
100776,C Major
100774,C Major
100779,E Minor
100783,C Major
100784,B Major
100791,E Major
100835,G Major
100787,F Major
100786,F# Minor
100788,D Major
100790,B Major
100843,A Major
100857,A Major
100865,C Major
100844,A Major
100848,E Major
100863,A Major
100860,C Major
100862,E Major
100856,E Major
100853,F Major
101272,E Minor
100882,F Major
100866,C# Minor
100868,A Major
100876,D Major
101275,F# Major
101265,A Minor
101078,D Major
101269,A Minor
101271,E Major
101266,D Major
101442,A# Minor
101276,G Major
101394,A Minor
101277,A# Minor
101483,F Major
101451,A Major
101505,D# Major
101443,E Major
101278,A Major
101479,C Major
101507,A Major
101615,E Minor
101618,F Minor
101731,D Major
101715,F# Major
101733,G Major
101738,A Minor
101740,E Minor
101734,A Minor
101743,A# Major
102118,A Minor
102115,G Major
102154,E Major
102153,D Major
102117,A# Minor
102119,E Minor
102116,F# Minor
102160,B Minor
102157,A Minor
102159,C# Minor
102163,F# Minor
102158,G# Major
102168,G# Minor
102165,F Minor
102167,A Minor
102170,A Minor
102204,F Major
102265,C# Minor
102266,F Minor
102210,C Major
102177,F# Major
102172,E Major
102184,F Minor
102278,A Minor
102274,A Minor
102268,F Major
102305,D Minor
102273,C Major
102270,B Minor
102271,B Major
102275,B Minor
102342,D Major
102345,F# Major
102343,C Major
102353,C Major
103518,C Major
103556,D Major
103520,G Major
103522,C Major
103555,G Major
103519,D Major
103561,C Minor
103557,G Minor
103602,C Minor
103596,F# Major
103598,C# Major
103597,B Major
103595,A# Major
103605,C Minor
103621,E Minor
103624,C Major
103739,F Major
103821,C Major
103818,A Minor
103820,D Minor
103819,C Minor
103828,D# Minor
103829,G Minor
104182,G# Major
103831,G# Minor
104146,A# Major
103830,F# Minor
104181,C Minor
104183,C# Minor
104185,F# Minor
104184,B Major
104253,F Minor
104252,F# Minor
104187,A# Minor
104249,C# Minor
104282,G Minor
104284,A Major
104286,A# Major
104287,C# Major
104289,F Minor
104290,G# Major
104293,F Minor
104294,A Major
104385,C Major
104352,D Major
104295,A Major
104384,A Major
104386,E Major
104593,D# Minor
104580,C# Major
104586,C# Major
104579,A# Major
104392,A Minor
104585,F# Minor
104592,E Major
104591,G Major
104594,B Major
104648,G Major
104680,A Major
104683,D Major
104598,B Minor
104596,A Minor
104600,A Major
104690,D Minor
104737,E Major
104753,C# Major
104740,G# Minor
104750,G# Major
104763,A Minor
104738,A# Minor
104817,C Major
104931,C Minor
104818,G Major
104823,C Major
104819,G Major
104825,G Major
104930,A Major
104764,C Major
105014,B Minor
105012,D Minor
105015,E Minor
105011,C Major
105010,F# Minor
105017,D Major
105016,B Major
105018,E Major
105030,A# Major
105054,F# Major
105028,A Major
105019,D Major
105052,A# Major
105053,D# Major
105050,A Major
105051,C# Major
105060,C Major
105059,F# Major
105256,E Major
105275,D# Major
105292,A Major
105055,F Major
105081,E Major
105365,E Minor
105372,B Minor
105369,G Major
105366,A Minor
105374,A Major
105373,G Minor
105368,C Major
105367,E Major
105375,D# Minor
105379,D# Major
105382,G Minor
105385,D Minor
105380,B Minor
105536,G Major
105383,D# Minor
105381,E Minor
105377,A Minor
105541,G Major
105540,A Minor
105538,E Major
105539,A Minor
105559,F Major
105560,A Minor
105544,D Minor
105543,A Major
105664,A Minor
105699,D# Minor
105757,G Minor
105674,C# Minor
105666,A Minor
105860,A Minor
105667,A Minor
105703,A Minor
105668,G Major
105758,F Major
105663,B Major
105976,A Major
106181,E Minor
106242,G Major
106194,F# Major
106190,D Minor
106256,C Major
106255,G Minor
106250,C Major
106247,D# Major
106254,C Major
106249,F# Major
106248,E Major
106251,D Major
106243,G Major
106245,F# Major
106246,F Major
106244,F# Major
106336,F Minor
106387,E Minor
106303,G# Major
106385,D# Minor
106391,C Minor
106393,A Minor
106392,G Minor
106419,D Major
106436,A Minor
106495,G Minor
106423,A# Major
106426,C Major
106424,G Major
106433,E Major
106518,C Minor
106514,G# Major
106441,A Major
106418,C Major
106496,D Major
106576,E Major
106578,G Minor
106580,G Minor
106577,D# Major
106581,B Minor
106583,C Minor
106582,D# Minor
106584,F Minor
106603,D# Minor
106857,A# Minor
106703,G Minor
106716,G Major
106607,G Minor
106637,F# Major
106633,F# Major
106609,B Minor
106667,B Major
106639,B Major
106881,E Minor
106878,G# Minor
106880,C Minor
106899,A Minor
106909,A Minor
106907,E Minor
106905,C# Minor
106927,E Minor
107034,E Major
107033,G Minor
107037,D Major
107039,C Major
106910,G Minor
107038,G Major
106971,E Minor
107036,E Major
107040,A Major
107041,G Major
107101,A Major
107042,D Minor
107043,F Major
107103,E Major
107102,G Major
107104,C Major
107105,C Major
107171,A Minor
107173,F Minor
107174,C Major
107170,C Minor
107175,G Major
107172,A# Minor
107259,G Major
107222,F Major
107265,E Minor
107219,E Minor
107342,A Major
107261,A Major
107344,G Major
107345,D# Major
107347,F# Major
107346,E Minor
107348,F# Minor
107351,G# Minor
107352,C Major
107350,B Major
107353,F Major
107354,C Minor
107373,A Minor
107367,D Major
107403,D Minor
107424,G# Major
107376,C Minor
107477,B Minor
107475,A Minor
107480,F Minor
107383,D Minor
107404,A Minor
107473,F Major
107483,A Minor
107482,A Major
107481,G Minor
107503,D Minor
107499,A Minor
107504,E Minor
107502,A Minor
107515,G Minor
107522,C Major
107516,G Major
107505,B Major
107520,F# Major
107523,C Major
107517,A Minor
107506,A Minor
107524,B Major
107507,A Minor
107521,C Major
107519,D Major
107526,D# Major
107525,E Major
107529,C Major
107527,C Major
107614,C Minor
107613,A Minor
107616,G Minor
107802,C Minor
107617,E Major
107764,A Minor
107852,A# Major
107807,D Minor
107803,D Minor
107874,F# Minor
107856,F Minor
107872,A# Minor
107877,A Major
107883,A Major
107854,B Major
107853,A# Minor
107878,D Major
107881,D Minor
107885,A Major
107884,G# Minor
107896,E Minor
107891,C# Minor
107898,B Minor
107892,B Minor
107914,D Minor
107922,D# Minor
107923,C Major
107921,G Minor
107920,E Minor
107930,D Major
107917,E Minor
107935,C Minor
107918,A Minor
107915,E Minor
107937,A Minor
107936,A# Minor
107941,E Major
107945,D Major
107946,G Major
107939,F# Minor
107943,G Minor
107985,F# Minor
107953,B Minor
107950,F Minor
107954,G Major
107951,G Major
107956,D Major
107986,E Major
107957,A# Minor
107952,D Major
107955,E Major
107949,C# Minor
107989,C# Major
107988,C Major
107991,A Minor
107992,B Major
107987,B Major
107993,C Major
108013,F Major
108011,D Minor
108009,C Minor
107994,D# Major
108004,E Major
108010,E Minor
107996,E Minor
107995,C# Major
108019,A# Major
108002,E Minor
107997,G# Major
108006,C Major
108024,B Major
108021,C Major
108020,D# Major
108025,A# Major
108029,G Major
108030,F Minor
108031,C Minor
108032,A Minor
108035,C Major
108046,E Major
108034,C Major
108153,C Major
108155,D Minor
108154,C Major
108152,E Minor
108149,E Minor
108151,A Minor
108150,B Minor
108157,G Major
108156,D Major
108158,D# Major
108159,D Major
108160,C Major
108161,F Major
108162,G Major
108163,A# Major
108164,G Major
108166,A Major
108267,C Major
108280,C Minor
108165,B Major
108279,A Minor
108268,C Minor
108270,D Major
108167,A Major
108269,G Major
108272,E Minor
108281,F Minor
108291,F Major
108282,C Major
108294,G Minor
108297,A Major
108295,C Major
108328,D Major
108369,A Minor
108339,C Minor
108337,G Major
108367,A Minor
108373,C Minor
108371,E Minor
108395,G# Major
108396,F# Major
108394,G# Major
108391,E Major
108393,C Major
108375,C Major
108374,D Major
108376,C# Minor
108370,G Minor
108397,D Major
108398,D Major
108399,D Major
108400,D# Major
108401,D Major
108458,G Minor
108403,E Major
108402,D Major
108456,D Major
108457,F# Major
108469,C Minor
108466,C Major
108404,G Major
108471,C Minor
108461,A Major
108470,C Major
108475,D Major
108473,G# Minor
108472,E Minor
108477,C Minor
108476,F Minor
108479,C Minor
108482,D Minor
108483,C# Major
108480,D Minor
108941,D# Major
108505,D Major
108951,D# Minor
108845,C Minor
108484,C Minor
108938,G Major
108939,G# Major
108956,G Major
108953,E Minor
108954,C Major
108957,A Major
108961,D Major
108962,C# Minor
108959,B Minor
109006,E Minor
108958,G Major
109022,A# Minor
109007,B Minor
109028,C# Major
109030,A# Minor
109027,D# Major
109029,G# Major
109026,G Minor
109023,G# Major
109092,A Minor
109095,F Minor
109034,D Major
109031,G# Major
109032,F Major
109035,F Minor
109098,E Minor
109033,D# Major
109102,C Major
109101,E Minor
109114,G Major
109116,D Major
109104,G Major
109118,G Minor
109119,F# Minor
109127,A# Minor
109128,A# Minor
109196,C# Minor
109124,A# Minor
109152,D Minor
109123,A# Minor
109193,G Major
109195,G Major
109125,A# Minor
109207,B Minor
109200,G Major
109277,A Minor
109252,D Minor
109240,E Minor
109293,D Major
109286,F Major
109501,D Major
109441,D# Minor
109472,F# Minor
109514,E Minor
109313,F# Minor
109296,C Major
109349,G Minor
109516,F Major
109518,D Major
109517,G Major
109515,D Major
109521,C Major
109634,G Major
109522,A Major
109523,G# Minor
109520,D Major
109674,E Major
109688,C Major
109673,A Major
109635,A Minor
109671,F Major
109690,D# Minor
109932,C# Minor
109929,B Minor
109691,F# Minor
109926,D Minor
109897,F Major
109927,C Minor
109717,G Minor
109933,A Minor
109934,G# Minor
110544,A Minor
109930,F# Minor
109956,D Major
110943,C Major
110981,E Minor
110982,G Major
110980,G Minor
111208,D Minor
111269,D Minor
110983,B Major
111272,C Major
111213,E Minor
111273,E Minor
111270,B Major
111271,E Minor
111211,B Major
111277,A Minor
111274,E Minor
111276,A Major
111278,E Major
111275,D Major
111667,E Minor
111279,D Major
111905,B Major
111902,E Major
111904,F Major
111909,E Major
111911,E Major
111908,A Major
112315,F# Major
111906,C# Major
111910,C Major
111907,A Major
112314,C# Minor
112316,D Major
112318,D Minor
112313,A Major
112355,D Major
112352,E Major
112358,A Major
112357,A Major
112353,A Minor
112359,E Major
112361,G Major
112369,C Minor
112362,D Major
112364,G Major
112559,F# Minor
112562,F# Major
112535,C Minor
113326,C# Major
112567,A# Minor
112363,D Major
112566,F Minor
112563,D# Minor
112560,B Major
112565,D# Major
112564,G Minor
113298,G Major
114198,D Minor
114200,D Minor
113955,G Minor
113327,G Minor
114201,D Minor
114322,A Major
114312,A Major
115368,C Minor
114861,F Minor
115356,D Minor
115357,A Minor
115359,A Minor
115358,C Minor
115363,A Minor
115364,C Minor
115361,A Minor
115366,C Major
115367,G Minor
115369,A Minor
115362,G Minor
115370,G Minor
115372,C Major
115371,C Major
115375,G Major
115373,C Minor
115379,A Minor
115380,C Minor
115381,C Minor
115377,G Minor
115382,A Minor
115376,C Major
115378,D Major
115383,G Major
115386,C Major
115385,C Major
115387,G Minor
115384,C Major
115389,F# Minor
115391,F Major
115388,C Major
115392,A Major
115664,D# Minor
115663,E Minor
115667,A Minor
115665,A Major
115670,A Minor
115666,D Minor
115669,A Major
115668,F# Minor
115675,G Major
115672,G Major
115677,G Major
115674,G Major
115673,D Major
115676,E Minor
115671,C Major
115678,G Major
115679,D Minor
115681,G Minor
115680,D Major
116456,B Major
116549,C Major
116570,C# Minor
116565,G Major
116563,F Minor
116571,F Major
116577,F Minor
118592,G Major
116575,E Major
117517,E Minor
116574,C Major
117519,C Major
117881,G Major
118591,F Major
118593,A Major
118594,E Minor
118595,F Major
118598,C# Minor
119050,A# Minor
119049,A# Major
118599,C# Minor
119232,B Major
119234,E Major
119243,G Major
119233,E Minor
119238,D Minor
119242,G Major
119241,A Major
119237,D Major
119239,E Major
120424,C Minor
120425,G Major
119244,G Major
120426,E Major
120427,A Major
120429,G Major
120428,G Major
120431,G Major
120430,G# Major
121207,C Major
121209,C Major
121256,C# Minor
121208,A Minor
121213,D# Minor
122041,G Minor
121216,C Major
122048,D# Minor
122047,G# Minor
122464,C Major
122466,F# Major
122465,E Major
122050,C# Minor
122049,A Minor
122468,D# Major
122467,C# Minor
122470,G# Minor
122471,G Major
122631,C Major
122625,C Minor
122628,E Minor
122472,C# Minor
122713,C Major
122635,G Major
123431,D Major
122767,C Minor
123739,G Minor
122883,D Minor
122765,A Minor
122999,F# Minor
123000,B Major
123563,G Major
123470,G Major
123823,C# Minor
123741,E Minor
123742,C Major
123903,B Major
123743,G# Major
123943,E Major
123944,A Minor
123954,E Major
123952,A# Major
123945,E Minor
123955,D Major
123951,C Major
123960,G Major
123946,G Minor
123958,G Minor
123947,F Major
124184,E Minor
123962,E Minor
123963,B Minor
124137,C Major
123961,E Minor
124185,G# Major
124186,G# Minor
124523,C Major
124527,B Minor
124526,G Minor
124528,D Major
124765,C# Minor
124530,F Minor
124525,B Minor
124710,G# Major
124856,D Minor
124911,C Minor
124864,B Minor
